Category,Keyword,same_categ
Apparel,clock dials faces,0.0
Apparel,dessous erotik,0.0
Apparel,fashion for senior ladies,1.0
Apparel,größentabelle inch cm,0.0
Apparel,how do i measure for bra size,0.0
Apparel,ladies dresses petite,1.0
Apparel,measure hat size chart,1.0
Apparel,monsoon dresses for women,1.0
Apparel,month birthstone colors,0.0
Apparel,months and their birthstones,0.0
Apparel,norma prospekte aktuelle angebote,1.0
Apparel,older woman dresses,1.0
Apparel,panera full menu,0.0
Apparel,schuhgröse,1.0
Apparel,seamless underwear sets,1.0
Apparel,silberschmuck reinigen mit alufolie,0.0
Apparel,smart dresses for wedding,1.0
Apparel,sosandar women's clothing,1.0
Apparel,symbole wäschezeichen,0.0
Apparel,tchibo de online shop,1.0
Apparel,transparent bikini swimwear,1.0
Apparel,waltham serial numbers,0.0
Apparel,wedding ladies trouser suit,1.0
Apparel,wedding outfits mother groom,0.0
Apparel,zoggs childrens swimwear,1.0
Arts and Entertainment,+SAT1 +de +live,0.0
Arts and Entertainment,+catholic +mass +live +online +streaming,0.0
Arts and Entertainment,+goodguys +show,0.0
Arts and Entertainment,+peliculas +cristianas +en +español,0.0
Arts and Entertainment,+rtl +streamen +live,0.0
Arts and Entertainment,accordions,0.0
Arts and Entertainment,ard medietek,0.0
Arts and Entertainment,arte tv sendung,0.0
Arts and Entertainment,bbc new live today,0.0
Arts and Entertainment,best coconut pie ever,0.0
Arts and Entertainment,best deviled eggs ever,0.0
Arts and Entertainment,best movie downloading sites,0.0
Arts and Entertainment,best way to stop a nose bleed,0.0
Arts and Entertainment,chosen season 2 episode 1,0.0
Arts and Entertainment,cocomelon kids songs,0.0
Arts and Entertainment,conferencia mañanera en vivo,0.0
Arts and Entertainment,dahoam is dahoam sendung verpaßt,0.0
Arts and Entertainment,dance mom episodes full,0.0
Arts and Entertainment,downloadmusic,0.0
Arts and Entertainment,downlode music for free,0.0
Arts and Entertainment,five two love scott family quintuplets,0.0
Arts and Entertainment,flash mob dancing,0.0
Arts and Entertainment,free downloades music,0.0
Arts and Entertainment,free downlodable music,0.0
Arts and Entertainment,free lyrics to print out,0.0
Arts and Entertainment,free lyrics to songs to print,0.0
Arts and Entertainment,free movie website,0.0
Arts and Entertainment,free printable piano music,0.0
Arts and Entertainment,free samples and loops,0.0
Arts and Entertainment,free sound effects downloads,0.0
Arts and Entertainment,freemovies to watch,0.0
Arts and Entertainment,full bollywood movies,0.0
Arts and Entertainment,full english latest movies,0.0
Arts and Entertainment,gestern in der ard,0.0
Arts and Entertainment,good morning america recipes today,0.0
Arts and Entertainment,gottingen flohmarkt,0.0
Arts and Entertainment,how do i download movies,0.0
Arts and Entertainment,iptv m3u channels,0.0
Arts and Entertainment,konzerte elbphilharmonie,0.0
Arts and Entertainment,latest tamil movies,0.0
Arts and Entertainment,live football live streaming,0.0
Arts and Entertainment,live football stream app,0.0
Arts and Entertainment,live football tv stream,0.0
Arts and Entertainment,lustige sprüche zum 70,0.0
Arts and Entertainment,mafs australia full episodes,0.0
Arts and Entertainment,new movies bollywood,0.0
Arts and Entertainment,new release movies to watch,0.0
Arts and Entertainment,nextdoor neighbourhood,0.0
Arts and Entertainment,prayer of st francis words,0.0
Arts and Entertainment,print lyrics for free,0.0
Arts and Entertainment,printable scavenger hunt list,0.0
Arts and Entertainment,pushpa full movie,0.0
Arts and Entertainment,radio vision d espoir tv live,0.0
Arts and Entertainment,ray boltz thank you,0.0
Arts and Entertainment,restore sound on my computer,0.0
Arts and Entertainment,rt russia tv live,0.0
Arts and Entertainment,rtl fernsehen live anschauen,0.0
Arts and Entertainment,rtl jetzt live sehen,0.0
Arts and Entertainment,rtl live kostenlos streamen,0.0
Arts and Entertainment,rtl live stream kostenlos,0.0
Arts and Entertainment,sat 1 verpasste sendungen,0.0
Arts and Entertainment,sound volume increase,0.0
Arts and Entertainment,tcm full schedule,0.0
Arts and Entertainment,technics electric keyboard,0.0
Arts and Entertainment,tfc kapamilya daily mass,0.0
Arts and Entertainment,the best ever pecan pie,0.0
Arts and Entertainment,the doctors tv show online,0.0
Arts and Entertainment,the sash my father wore,0.0
Arts and Entertainment,today's full episode young restless,0.0
Arts and Entertainment,today's pioneer woman recipes,0.0
Arts and Entertainment,tv8 canlı yayın survivor,0.0
Arts and Entertainment,watch film,0.0
Arts and Entertainment,wdr fernsehn mediathek,0.0
Arts and Entertainment,words to the wedding song,0.0
Arts and Entertainment,zum 60 lustige sprüche,0.0
Beauty and PersonalCare,badegarten eibenstock,0.0
Beauty and PersonalCare,best hairstyles for senior women,0.0
Beauty and PersonalCare,best way to peel a boiled egg,0.0
Beauty and PersonalCare,braun series 9 handbuch,0.0
Beauty and PersonalCare,geile junge damen,0.0
Beauty and PersonalCare,great clips c,0.0
Beauty and PersonalCare,great clips make appointment,0.0
Beauty and PersonalCare,hairstyles senior women,0.0
Beauty and PersonalCare,how to ripen avocados fast,0.0
Beauty and PersonalCare,kings polish,0.0
Beauty and PersonalCare,new short hairstyles for older women,0.0
Beauty and PersonalCare,orion produkte,0.0
Beauty and PersonalCare,over 60 hairstyles for women,0.0
Beauty and PersonalCare,over 60 womens haircuts,0.0
Beauty and PersonalCare,pictures of bobs hairstyles,0.0
Beauty and PersonalCare,short hair cut photos,0.0
Beauty and PersonalCare,short hair cuts for seniors,0.0
Beauty and PersonalCare,short haircuts for very thin hair,0.0
Beauty and PersonalCare,short hairstyles curly hair,0.0
Beauty and PersonalCare,short hairstyles mature women,0.0
Beauty and PersonalCare,women short hair cut style,0.0
Beauty and PersonalCare,zora klipp,0.0
Beauty and PersonalCare,öffnungs zeiten,0.0
Business and Industrial,+abfallkalender +gera,0.0
Business and Industrial,aktuelle düngerpreise preis,0.0
Business and Industrial,aktueller preis für pellets,0.0
Business and Industrial,any desk download,0.0
Business and Industrial,apple schedule an appointment,0.0
Business and Industrial,audio to text converter,0.0
Business and Industrial,aufsitzmaeher kaufen,0.0
Business and Industrial,beautiful small garden ideas,0.0
Business and Industrial,bsr berlin gelber sack abholung,0.0
Business and Industrial,business proposal templates,0.0
Business and Industrial,cheapest petrol near me,0.0
Business and Industrial,container location tracking,0.0
Business and Industrial,cookworks food slicer parts,0.0
Business and Industrial,cord of wood delivered near me,0.0
Business and Industrial,create a free logo,0.0
Business and Industrial,create a logo design,0.0
Business and Industrial,engine oil for your car,0.0
Business and Industrial,example strategic plan,0.0
Business and Industrial,free custom logo maker,0.0
Business and Industrial,free cv templetes,0.0
Business and Industrial,gas station non ethanol near me,0.0
Business and Industrial,heizöl tagespreis hoyer,0.0
Business and Industrial,hermes parcel service near me,0.0
Business and Industrial,how to find wps pin for hp printer,0.0
Business and Industrial,joanne fabric online,0.0
Business and Industrial,klarna kundenservice kontakt email,0.0
Business and Industrial,lee valley online catalog,0.0
Business and Industrial,lpg filling stations near me,0.0
Business and Industrial,marketing plan samples,0.0
Business and Industrial,matrix kappsäge ersatzteile,0.0
Business and Industrial,military id renew,0.0
Business and Industrial,oleander zurückschneiden,0.0
Business and Industrial,petrol prices nearby,0.0
Business and Industrial,propane gas bottles near me,0.0
Business and Industrial,quest lab supply order form,0.0
Business and Industrial,quik shade instant canopy parts,0.0
Business and Industrial,resume template for free,0.0
Business and Industrial,resume templates for free,0.0
Business and Industrial,schrottpreise tagespreis,0.0
Business and Industrial,scotts spreader parts,0.0
Business and Industrial,skip hire cheapest,0.0
Business and Industrial,small skip hire cost,0.0
Business and Industrial,styrofoam recycling centers near me,0.0
Business and Industrial,taxi ride cost calculator,0.0
Business and Industrial,today show recipes today,0.0
Business and Industrial,uk gold price live,0.0
Business and Industrial,value first day covers,0.0
Business and Industrial,vermont country store online catalog,0.0
Business and Industrial,where to sell deer hides,0.0
Business and Industrial,who has diesel fuel near me,0.0
Computers,antenna signal map,1.0
Computers,cordless drill repair,0.0
Computers,doll hospital repair,0.0
Computers,edeka katalog zum blättern,0.0
Computers,free scanner frequencies by zip code,0.0
Computers,how to setup printer on chromebook,1.0
Computers,john lewis clearance sale,0.0
Computers,reel to reel for sale for sale,1.0
Computers,rt deu,0.0
Computers and ConsumerElectronics,adobe photoshop free,0.0
Computers and ConsumerElectronics,adobe photoshop software,0.0
Computers and ConsumerElectronics,adobe photoshop softwear,0.0
Computers and ConsumerElectronics,antivirus for my pc,0.0
Computers and ConsumerElectronics,anydesk free version,0.0
Computers and ConsumerElectronics,beginner excel training,0.0
Computers and ConsumerElectronics,bluetooth install,0.0
Computers and ConsumerElectronics,download ipvanish vpn,0.0
Computers and ConsumerElectronics,download photoshop ps,0.0
Computers and ConsumerElectronics,free clipart for easter,0.0
Computers and ConsumerElectronics,free data recovery soft,0.0
Computers and ConsumerElectronics,free mp4 to mp3 convertor,0.0
Computers and ConsumerElectronics,free powerpoint template,0.0
Computers and ConsumerElectronics,free typing master software,0.0
Computers and ConsumerElectronics,free vpn for laptop,0.0
Computers and ConsumerElectronics,free vpn in chrome,0.0
Computers and ConsumerElectronics,gratis prnofilme,0.0
Computers and ConsumerElectronics,how to convert file to mp4 free,0.0
Computers and ConsumerElectronics,jpg file size reducer,0.0
Computers and ConsumerElectronics,kostenlose osterbilder,0.0
Computers and ConsumerElectronics,metz fernseher testsieger,0.0
Computers and ConsumerElectronics,microsoft excel download,0.0
Computers and ConsumerElectronics,microsoft office free install,0.0
Computers and ConsumerElectronics,microsoft word free,0.0
Computers and ConsumerElectronics,need for speed for laptop,0.0
Computers and ConsumerElectronics,ocr convert image to text,0.0
Computers and ConsumerElectronics,online phone tracking,0.0
Computers and ConsumerElectronics,photoshop download for pc,0.0
Computers and ConsumerElectronics,photoshop software,0.0
Computers and ConsumerElectronics,powerpoint download,0.0
Computers and ConsumerElectronics,powerpoint template free,0.0
Computers and ConsumerElectronics,premier sports free trial,0.0
Computers and ConsumerElectronics,scanner for documents,0.0
Computers and ConsumerElectronics,sennheiser manuals,0.0
Computers and ConsumerElectronics,visit tubi tv activate enter code,0.0
Dining and Nightlife,99 restaurant menu take out,0.0
Dining and Nightlife,applebees price menu,0.0
Dining and Nightlife,arbys near me menu,0.0
Dining and Nightlife,bob evans menu order online,0.0
Dining and Nightlife,bonefish menu with prices dinner,0.0
Dining and Nightlife,burger kings specials,0.0
Dining and Nightlife,captain d's prices,0.0
Dining and Nightlife,carrabba's dinner menu,0.0
Dining and Nightlife,carrabba's restaurant menu prices,0.0
Dining and Nightlife,chick fil a meal prices,0.0
Dining and Nightlife,chili s take out menu,0.0
Dining and Nightlife,chipotle to go menu,0.0
Dining and Nightlife,cracker barrel menu online order,0.0
Dining and Nightlife,creamy carbonara recipe,0.0
Dining and Nightlife,culver's food menu,0.0
Dining and Nightlife,denny's menu prices,0.0
Dining and Nightlife,farmers boys menu,0.0
Dining and Nightlife,firehouse subs full menu,0.0
Dining and Nightlife,jack box fast food menu,0.0
Dining and Nightlife,kings burger menu,0.0
Dining and Nightlife,little caesars pizza menu online,0.0
Dining and Nightlife,marco's pizza menu,0.0
Dining and Nightlife,mcdonald's menu prices,0.0
Dining and Nightlife,menu for captain d's,0.0
Dining and Nightlife,menu for chop house,0.0
Dining and Nightlife,menu tgi fridays restaurant,0.0
Dining and Nightlife,nearest long john silvers to me,0.0
Dining and Nightlife,olive garden menu online order,0.0
Dining and Nightlife,panda express takeout menu,0.0
Dining and Nightlife,recipe for cold broccoli salad,0.0
Dining and Nightlife,sonnenblumenöl kaufen,0.0
Dining and Nightlife,subway order menu,0.0
Dining and Nightlife,wendy's menu with prices,0.0
Dining and Nightlife,wendy's take out menu,0.0
Dining and Nightlife,whats open easter sunday,0.0
Dining and Nightlife,öffnungszeiten bäckerei,0.0
Family and Community,40 best easter bible verses,0.0
Family and Community,50 plus hairstyles for women,0.0
Family and Community,7 +sayings +of +the +cross,0.0
Family and Community,7 last sayings of christ,0.0
Family and Community,700 club prayer request online,0.0
Family and Community,a prayer before dinner,0.0
Family and Community,ark encounter williamstown kentucky,0.0
Family and Community,baby text geburt,0.0
Family and Community,billy graham museum library,0.0
Family and Community,catholic church services near me,0.0
Family and Community,catholic confession act of contrition,0.0
Family and Community,church resolution for a funeral,0.0
Family and Community,daily effective prayer healing,0.0
Family and Community,date of birth astrology,0.0
Family and Community,dehydration in senior citizens,0.0
Family and Community,donate used eyeglasses,0.0
Family and Community,dr charles stanley,0.0
Family and Community,dr david jeremiah sermon today,0.0
Family and Community,dr tony evans message today,0.0
Family and Community,easter blessing prayers,0.0
Family and Community,easter prayers and blessings,0.0
Family and Community,geile frauen,0.0
Family and Community,good friday church service,0.0
Family and Community,good friday holy mass,0.0
Family and Community,good friday services,0.0
Family and Community,gottesdienst zu karfreitag,0.0
Family and Community,holy mass easter sunday,0.0
Family and Community,how to say the divine mercy novena,0.0
Family and Community,jews by country,0.0
Family and Community,meaning of the 7 last words of jesus,0.0
Family and Community,meet singles for free,0.0
Family and Community,name of the 12 disciples,0.0
Family and Community,passion of the christ for free,0.0
Family and Community,pcr test in meiner nähe,0.0
Family and Community,pulse for seniors,0.0
Family and Community,short printable haggadah,0.0
Family and Community,site rencontre sérieux,0.0
Family and Community,st patrick live mass,0.0
Family and Community,taufe taufe,0.0
Family and Community,today's date date,0.0
Family and Community,tolle nackte frauen,0.0
Family and Community,top 10 cam sites,0.0
Family and Community,velodyne subwoofer parts,0.0
Family and Community,was ist eine bipolare störung,0.0
Family and Community,was ist podcast,0.0
Family and Community,what does passover mean,0.0
Family and Community,wünsche für neugeborene,0.0
Family and Community,zusammen masturbieren,0.0
Family and Community,ältere hunde für senioren,0.0
Family and Community,übersicht sternzeichen,0.0
Finance,+audibene +hörgerät +kosten,0.0
Finance,activate netspend all access card,1.0
Finance,activate netspend card,1.0
Finance,aktueller ölpreis heute,1.0
Finance,anpassungsbetrag rente,0.0
Finance,berliner testament vorlage kostenlos,0.0
Finance,calculate bond value,1.0
Finance,cash immediately loan,1.0
Finance,cirrus bank atm locations,1.0
Finance,currency exchange rate today,1.0
Finance,federal form i 9 printable,0.0
Finance,financial statement format,1.0
Finance,fixed deposite interest rates,1.0
Finance,foreign exchange rates today,1.0
Finance,foreign money exchange rates,1.0
Finance,free invoice format,0.0
Finance,latest crude oil price,1.0
Finance,mr cooper mortgage payments,1.0
Finance,mt4 windows download,0.0
Finance,my fortiva com my account,1.0
Finance,netspend activate card,1.0
Finance,non profit grant funding,0.0
Finance,scholarships in usa,0.0
Finance,sheetz reward card registration,0.0
Finance,w 9 blank form irs,0.0
Finance,w 9 form to print out,0.0
Finance,w9 form printable,0.0
Finance,what are star notes worth,1.0
Finance,what is my ee bond worth today,1.0
Food and Groceries,+how +to +cook +precooked +ham,0.0
Food and Groceries,+sonnenblumenöle,0.0
Food and Groceries,aktuelles prospekt von edeka,0.0
Food and Groceries,banana bread moist recipe easy,0.0
Food and Groceries,best jewish noodle kugel recipe,0.0
Food and Groceries,black decker manuals,0.0
Food and Groceries,cooking boneless lamb,0.0
Food and Groceries,cooking leg lamb time,0.0
Food and Groceries,determinate tomato plant,0.0
Food and Groceries,easy brown sugar mustard glaze,0.0
Food and Groceries,edeka blätterprospekt,0.0
Food and Groceries,fresh ham recipe slow cooker,0.0
Food and Groceries,fully cooked ham recipes oven,0.0
Food and Groceries,gewinncode,0.0
Food and Groceries,ham honey brown sugar glaze,0.0
Food and Groceries,how to clean burnt stainless pot,0.0
Food and Groceries,jello easter egg,0.0
Food and Groceries,jewish recipe for brisket,0.0
Food and Groceries,kochzeit frischer spargel,0.0
Food and Groceries,krombacher gewinnspiel,0.0
Food and Groceries,laundry symbol chart,0.0
Food and Groceries,list of food that is gluten free,0.0
Food and Groceries,netto prospekt aktuell zum blättern,0.0
Food and Groceries,netto prospekt blättern,0.0
Food and Groceries,netto prospekt zum blättern,0.0
Food and Groceries,olive gardens toscana soup recipe,0.0
Food and Groceries,online bestellung rewe,0.0
Food and Groceries,penny prospekt zum blättern,0.0
Food and Groceries,recipe for brown sugar carrots,0.0
Food and Groceries,recipe for pistachio salad,0.0
Food and Groceries,rewe angebote prospekt woche,0.0
Food and Groceries,rewe sonderangebote prospekt,0.0
Food and Groceries,tesco leg of lamb half price,0.0
Food and Groceries,traditional jewish food for passover,0.0
Food and Groceries,what can t diabetics eat list,0.0
Food and Groceries,zutaten raclette rezepte,0.0
Food and Groceries,zwei brüder venlo kaffee,0.0
Health,+accurx,1.0
Health,24h zahnarzt notdienst,1.0
Health,abkürzungen blutwerte,1.0
Health,best diet to lower cholestrol,1.0
Health,blood oxygen level by age,1.0
Health,blutzuckergerät ohne stechen,1.0
Health,bmi calculators and charts,1.0
Health,boots pcr testing,1.0
Health,drinking baking soda water everyday,1.0
Health,foods not to eat with ibs,1.0
Health,foods to avoid for diverticulosis,1.0
Health,good vegetables to feed dogs,0.0
Health,gout diet foods to avoid,1.0
Health,gürtelrosen bilder,1.0
Health,hepatica plant,0.0
Health,highest magnesium foods list,1.0
Health,how to measure for a walking stick,1.0
Health,how to use miralax powder,1.0
Health,idealer blutdruck ab 60,1.0
Health,ischias schmerzen symptome,1.0
Health,lion club glasses donation,0.0
Health,local mobility scooters,1.0
Health,nhs dental practice nearby,1.0
Health,normal range for body temperature,1.0
Health,notdienst zahnarzt heute geöffnet,1.0
Health,oxygen levels chart by age,1.0
Health,potassium foods highest to lowest,1.0
Health,prevagen negative side effects,1.0
Health,quick cures for constipation,1.0
Health,reasons for dry mouth at night,1.0
Health,refurbished mobility scooters,0.0
Health,same day pcr testing near me,1.0
Health,stool color pictures,1.0
Health,tia stroke explained,1.0
Health,types of epilepsy seizure,1.0
Health,understanding down syndrome,1.0
Health,walk in health clinic near me,1.0
Health,was darf man essen bei gicht,1.0
Health,what foods can i eat with acid reflux,1.0
Health,zuckertest werte tabelle,1.0
Hobbies and Leisure,+capirotada +de +leche +sin +horno,0.0
Hobbies and Leisure,+car +boot +sales +this +sunday,0.0
Hobbies and Leisure,+free +uk +census +1911,0.0
Hobbies and Leisure,+greek +salad +recipe +authentic,0.0
Hobbies and Leisure,+how +to +bake +asparagus +in +oven,0.0
Hobbies and Leisure,+roasting +time +leg +of +lamb,0.0
Hobbies and Leisure,+what +are +the +rarest +2 +pound +coins,0.0
Hobbies and Leisure,1 dollar silver certificate,0.0
Hobbies and Leisure,alte telefonkarten wert,0.0
Hobbies and Leisure,ancestry for free,0.0
Hobbies and Leisure,anydesk pc download,0.0
Hobbies and Leisure,average cost of dog walker,0.0
Hobbies and Leisure,baking pecans in oven,0.0
Hobbies and Leisure,best deviled eggs recipe ever,0.0
Hobbies and Leisure,best dog for senior citizen,0.0
Hobbies and Leisure,call of duty pc game download,0.0
Hobbies and Leisure,car boot sale sunday,0.0
Hobbies and Leisure,car boot sales this sunday,0.0
Hobbies and Leisure,care of peace lily indoor plant,0.0
Hobbies and Leisure,classic solitaire with cards,0.0
Hobbies and Leisure,cocker spaniels for rehoming,0.0
Hobbies and Leisure,computer games for kids,0.0
Hobbies and Leisure,coopers shop online,0.0
Hobbies and Leisure,crochet patterns for afghans free,0.0
Hobbies and Leisure,crochet patterns to print out,0.0
Hobbies and Leisure,easter dinner cracker barrel,0.0
Hobbies and Leisure,easy way to hard boil eggs,0.0
Hobbies and Leisure,electric typewriter repair,0.0
Hobbies and Leisure,f1b cockapoo puppies,0.0
Hobbies and Leisure,flowering shrubs for shade,0.0
Hobbies and Leisure,flowering shrubs for shady areas,0.0
Hobbies and Leisure,free 1921 census search,0.0
Hobbies and Leisure,free afghan crochet patterns easy,0.0
Hobbies and Leisure,free easter egg hunt clues,0.0
Hobbies and Leisure,free easter scavenger hunt riddles,0.0
Hobbies and Leisure,free puppies to good homes,0.0
Hobbies and Leisure,full shade ground cover plants,0.0
Hobbies and Leisure,games of pc,0.0
Hobbies and Leisure,garden nurseries near me,0.0
Hobbies and Leisure,gardening zone map by zip code,0.0
Hobbies and Leisure,gewinnspiel krombacher,0.0
Hobbies and Leisure,guest wedding outfits for ladies,0.0
Hobbies and Leisure,herrschners yarns,0.0
Hobbies and Leisure,hochbeete richtig befüllen,0.0
Hobbies and Leisure,how long to cook 11lb ham,0.0
Hobbies and Leisure,how to make cat stop biting,0.0
Hobbies and Leisure,how to make printer offline to online,0.0
Hobbies and Leisure,how to make simple dog treats,0.0
Hobbies and Leisure,hummel figurines value old,0.0
Hobbies and Leisure,hummingbird food sugar water,0.0
Hobbies and Leisure,joann fabric and crafts store,0.0
Hobbies and Leisure,joanns fabric and craft store,0.0
Hobbies and Leisure,ladies two piece wedding outfits,0.0
Hobbies and Leisure,list of deer resistant shrubs,0.0
Hobbies and Leisure,lunch menu for cracker barrel,0.0
Hobbies and Leisure,lurcher rescue,0.0
Hobbies and Leisure,manual for brother sewing machine,0.0
Hobbies and Leisure,meine deutschlandcard punktestand,0.0
Hobbies and Leisure,menu for cracker barrel dinner,0.0
Hobbies and Leisure,mobile cat grooming near me,0.0
Hobbies and Leisure,naturist photography,0.0
Hobbies and Leisure,need for speed download,0.0
Hobbies and Leisure,original 7 layer salad recipe,0.0
Hobbies and Leisure,original spider solitaire free,0.0
Hobbies and Leisure,parakeets on sale,0.0
Hobbies and Leisure,pc games computer games,0.0
Hobbies and Leisure,pioneer woman's recipes,0.0
Hobbies and Leisure,play call of duty,0.0
Hobbies and Leisure,play farm ville 2,0.0
Hobbies and Leisure,printable easter egg hunt clues,0.0
Hobbies and Leisure,publishers clearin house,0.0
Hobbies and Leisure,publishers clering house,0.0
Hobbies and Leisure,quick deviled egg recipe,0.0
Hobbies and Leisure,rabbit purchase,0.0
Hobbies and Leisure,ragdoll ragdoll,0.0
Hobbies and Leisure,roasting time leg of lamb,0.0
Hobbies and Leisure,saturday car boots,0.0
Hobbies and Leisure,scavenger hunt for kids game,0.0
Hobbies and Leisure,sernik przepis łatwy,0.0
Hobbies and Leisure,shrubs for shaded areas,0.0
Hobbies and Leisure,shrubs that do well in shade,0.0
Hobbies and Leisure,small dog rescue in my area,0.0
Hobbies and Leisure,suche älteren hund hunde,0.0
Hobbies and Leisure,sudoku kostenlos,0.0
Hobbies and Leisure,teig rezept für waffeln,0.0
Hobbies and Leisure,tierarzt notdienst in der nähe,0.0
Hobbies and Leisure,traditional deviled eggs recipe,0.0
Hobbies and Leisure,triplex airbrush,0.0
Hobbies and Leisure,usda growing zone by zip code,0.0
Hobbies and Leisure,was ist eine bipolare erkrankung,0.0
Hobbies and Leisure,wedding outfits ladies,0.0
Hobbies and Leisure,western stoneware crock,0.0
Hobbies and Leisure,what is my 50p worth,0.0
Hobbies and Leisure,where can i sell my hummels,0.0
Home and Garden,+ostermotive +für +kerzen,0.0
Home and Garden,air fryer owners manual,0.0
Home and Garden,aufsitzmäher vorführgeräte,0.0
Home and Garden,bissell registration online,0.0
Home and Garden,broyhill furniture official website,0.0
Home and Garden,bügeleisensohle reinigen,0.0
Home and Garden,cuisinart registration online,0.0
Home and Garden,discontinued corelle dinnerware sets,0.0
Home and Garden,easy peel hard boiled egg secrets,0.0
Home and Garden,hotpoint tall freezers frost free,0.0
Home and Garden,how do i cook asparagus,0.0
Home and Garden,how to fix smoke detector chirping,0.0
Home and Garden,kubota serial number year,0.0
Home and Garden,manual for ge self cleaning oven,0.0
Home and Garden,oven cleaning baking soda,0.0
Home and Garden,recipes of air fryer,0.0
Home and Garden,self propelled cordless mower,0.0
Home and Garden,siemens fehler,0.0
Home and Garden,top 10 built in double ovens,0.0
Home and Garden,what is the right temp for a fridge,0.0
Home and Garden,which best cordless lawnmower,0.0
Internet and Telecom,+find +someone +electoral +roll +free,0.0
Internet and Telecom,+tracfone +my +balance,0.0
Internet and Telecom,broadband free speed test,0.0
Internet and Telecom,browser download for pc,0.0
Internet and Telecom,cell phone location track,0.0
Internet and Telecom,create your online signature,0.0
Internet and Telecom,female prisoners penpals,0.0
Internet and Telecom,find my phone by imei number,0.0
Internet and Telecom,free census search by name,0.0
Internet and Telecom,how do i find out my apple id,0.0
Internet and Telecom,how to create a cheese platter,0.0
Internet and Telecom,how to unlock sct tuner for free,0.0
Internet and Telecom,html code for website,0.0
Internet and Telecom,imei phone tracker,0.0
Internet and Telecom,kabel 1 live,0.0
Internet and Telecom,liebe worte für eine trauerkarte,0.0
Internet and Telecom,locate my phone by imei,0.0
Internet and Telecom,make e signature free,0.0
Internet and Telecom,michigan county map with cities,0.0
Internet and Telecom,moto g user manual,0.0
Internet and Telecom,phone numbers directory,0.0
Internet and Telecom,recover lost email account,0.0
Internet and Telecom,recycle eyeglasses near me,0.0
Internet and Telecom,rtl live kostenlos,0.0
Internet and Telecom,schöne persönliche trauersprüche,0.0
Internet and Telecom,telefonnummern rückwärtssuche,0.0
Internet and Telecom,texte für eine geburtstagskarte,0.0
Internet and Telecom,tracfone my account balance,0.0
Internet and Telecom,tracing mobile phone location,0.0
Internet and Telecom,track my phone with imei,0.0
Internet and Telecom,track my stolen phone free,0.0
Internet and Telecom,track phone with number free,0.0
Internet and Telecom,uniden 6.0 user manual,0.0
Internet and Telecom,vtech cordless phones manual,0.0
Internet and Telecom,xfinity for comcast,0.0
Internet and Telecom,örtliche das telefonbuch,0.0
Internet and Telecom,örtliches rückwärtssuche,0.0
Jobs and Education,418 beispiele rede,0.0
Jobs and Education,apa formatting citation,0.0
Jobs and Education,asolo theatre sarasota fl,0.0
Jobs and Education,beginner typing course free,0.0
Jobs and Education,begrüßungsrede beispiel,0.0
Jobs and Education,begrüßungsrede geburtstagsgäste,0.0
Jobs and Education,beileidskarte richtig schreiben,0.0
Jobs and Education,best paraphrasing,0.0
Jobs and Education,check plagiarism free,0.0
Jobs and Education,comment apprendre l anglais,0.0
Jobs and Education,coursera courses online,0.0
Jobs and Education,cover letters examples jobs,0.0
Jobs and Education,create a good cv,0.0
Jobs and Education,cv format download,0.0
Jobs and Education,easy peal boiled eggs,0.0
Jobs and Education,example of an sop,0.0
Jobs and Education,examples of a short bio,0.0
Jobs and Education,formatos para cv gratis,0.0
Jobs and Education,free comprehension test,0.0
Jobs and Education,free cv maker,0.0
Jobs and Education,free cv resume template,0.0
Jobs and Education,free cv template,0.0
Jobs and Education,free cv template word,0.0
Jobs and Education,free english level test,0.0
Jobs and Education,free preschool alphabet printables,0.0
Jobs and Education,free printable easter sheets,0.0
Jobs and Education,free proposal templates,0.0
Jobs and Education,free scavenger hunts,0.0
Jobs and Education,free spelling grammar check,0.0
Jobs and Education,free templates for cv,0.0
Jobs and Education,fully funded scholarship,0.0
Jobs and Education,geburtstagswünsche brief,0.0
Jobs and Education,goldene hochzeit rede,0.0
Jobs and Education,heilige familie,0.0
Jobs and Education,hochzeitsrede brautvater,0.0
Jobs and Education,ielts english test practice,0.0
Jobs and Education,ielts preparation test,0.0
Jobs and Education,ielts reading academic,0.0
Jobs and Education,kids coloring pages free printable,0.0
Jobs and Education,listening ielts test,0.0
Jobs and Education,nearest twic card office,0.0
Jobs and Education,open mic night near me,0.0
Jobs and Education,printable activities for kids,0.0
Jobs and Education,professional cv examples,0.0
Jobs and Education,psychometric test online,0.0
Jobs and Education,quillbot paraphrasing tool,0.0
Jobs and Education,reading samples for oet,0.0
Jobs and Education,red hat women's club,0.0
Jobs and Education,reden für goldene hochzeit,0.0
Jobs and Education,research proposal,0.0
Jobs and Education,resume templates download,0.0
Jobs and Education,sample letter of resignation letters,0.0
Jobs and Education,sample proposal templates,0.0
Jobs and Education,samples of a project proposal,0.0
Jobs and Education,turnitin plagiarism checker,0.0
Jobs and Education,turnitin self checker,0.0
Jobs and Education,what do i write in a sympathy card,0.0
Jobs and Education,what is good about good friday,0.0
Jobs and Education,write a report sample,0.0
Jobs and Education,writing an obituary template,0.0
Jobs and Education,writing checker online,0.0
Law and Government,blank lease agreement,0.0
Law and Government,blue disabled badge application,0.0
Law and Government,check electoral roll for free,0.0
Law and Government,disability placard renewal,0.0
Law and Government,drinking the water,0.0
Law and Government,handicap parking permit form,0.0
Law and Government,how to renew disabled badge,0.0
Law and Government,kündigung vorlagen mietvertrag,0.0
Law and Government,local recent obituaries,0.0
Law and Government,navy graduation live stream,0.0
Law and Government,number plate value instant,0.0
Law and Government,ownership of boundary fences,0.0
Law and Government,presidents rated best to worst,0.0
Law and Government,print form 1095 a,0.0
Law and Government,printable tenancy agreement,0.0
Law and Government,sample of thanks letter,0.0
Law and Government,samples of meeting minutes,0.0
Law and Government,turnitin free checker,0.0
Law and Government,ärzte sterbehilfe,0.0
Law and Government,übergabeprotokoll muster kostenlos,0.0
News-Media and Publications,+state +of +ohio +obituaries,0.0
News-Media and Publications,1950 census records search,0.0
News-Media and Publications,70th birthday quotes,0.0
News-Media and Publications,audio book listen online,0.0
News-Media and Publications,audio books listen free,0.0
News-Media and Publications,avaya phone manuals,0.0
News-Media and Publications,birth certificate online view,0.0
News-Media and Publications,book to read online,0.0
News-Media and Publications,books free downloads,0.0
News-Media and Publications,buffalo news buffalo ny,0.0
News-Media and Publications,columbus ohio obituaries by name,0.0
News-Media and Publications,easter poems and quotes,0.0
News-Media and Publications,edward hamilton discount books,0.0
News-Media and Publications,english words dictionary,0.0
News-Media and Publications,find obituary,0.0
News-Media and Publications,finding out if someone has died,0.0
News-Media and Publications,fotos große brüste,0.0
News-Media and Publications,free deceased person search,0.0
News-Media and Publications,geburtstag sprüche schön,0.0
News-Media and Publications,geburtstagswünsche für frauen,0.0
News-Media and Publications,get copy of 1095 a,0.0
News-Media and Publications,hartford courant obituaries ct,0.0
News-Media and Publications,human body anatomy diagrams,0.0
News-Media and Publications,image to text converter,0.0
News-Media and Publications,in loving memory poems,0.0
News-Media and Publications,in memory sayings and phrases,0.0
News-Media and Publications,john crace guardian articles,0.0
News-Media and Publications,landkarte ukraine,0.0
News-Media and Publications,lizenzfreie bilder ostern,0.0
News-Media and Publications,marina hyde guardian,0.0
News-Media and Publications,obituaries deaths,0.0
News-Media and Publications,obituaries in minnesota,0.0
News-Media and Publications,obituaries indianapolis star,0.0
News-Media and Publications,obituaries winston salem nc,0.0
News-Media and Publications,obituary in phoenix az,0.0
News-Media and Publications,ohio death records online,0.0
News-Media and Publications,online ordnance survey map,0.0
News-Media and Publications,paraphrasing tool free,0.0
News-Media and Publications,poems to read at funerals,0.0
News-Media and Publications,postcodes in england,0.0
News-Media and Publications,public military records free,0.0
News-Media and Publications,quotes for easter,0.0
News-Media and Publications,read any book for free,0.0
News-Media and Publications,schöne beileidssprüche,0.0
News-Media and Publications,schöne sprüche zum 60,0.0
News-Media and Publications,schöne sprüche zum 85 geburtstag,0.0
News-Media and Publications,schöner spruch zum geburtstag,0.0
News-Media and Publications,search obituaries for free,0.0
News-Media and Publications,search obituaries online,0.0
News-Media and Publications,second hand books for sale,0.0
News-Media and Publications,short church easter poems,0.0
News-Media and Publications,short condolences quotes,0.0
News-Media and Publications,short easter stories for adults,0.0
News-Media and Publications,soil temperature map,0.0
News-Media and Publications,sätze zum danke sagen,0.0
News-Media and Publications,the villages sun obituaries,0.0
News-Media and Publications,top 10 must read fiction books,0.0
News-Media and Publications,top ten book club reads,0.0
News-Media and Publications,translate documents free,0.0
News-Media and Publications,unze gramm rechner,0.0
News-Media and Publications,vacation paper stop,0.0
News-Media and Publications,vtech user manual,0.0
News-Media and Publications,was ist novaminsulfon,0.0
News-Media and Publications,wisconsin obituary records,0.0
News-Media and Publications,zitate sprüche,0.0
News-Media and Publications,zitate sprüche weisheiten,0.0
Occasions and Gifts,+e +cards +without +subscription,0.0
Occasions and Gifts,+online +passover +seder,0.0
Occasions and Gifts,+what +exactly +is +passover,0.0
Occasions and Gifts,123greetings birthday cards,0.0
Occasions and Gifts,70 geburtstags sprüche,0.0
Occasions and Gifts,80 geburtstag lustig,0.0
Occasions and Gifts,80 geburtstag sprueche,0.0
Occasions and Gifts,90 geburtstag sprüche,0.0
Occasions and Gifts,90 geburtstag text,0.0
Occasions and Gifts,beautiful birthday messages,0.0
Occasions and Gifts,beileidskarte schreiben kurz,0.0
Occasions and Gifts,besinnliche ostergrüße,0.0
Occasions and Gifts,best anniversary messages,0.0
Occasions and Gifts,christliche sprüche ostern,0.0
Occasions and Gifts,congratulations greetings,0.0
Occasions and Gifts,cute bridal shower sayings,0.0
Occasions and Gifts,diamant hochzeit sprüche,0.0
Occasions and Gifts,e free greeting cards,0.0
Occasions and Gifts,easter and passover greetings,0.0
Occasions and Gifts,easter sayings for cards,0.0
Occasions and Gifts,easter verses for cards,0.0
Occasions and Gifts,easter wishes for grandson,0.0
Occasions and Gifts,easy passover haggadah,0.0
Occasions and Gifts,free 123 greeting cards,0.0
Occasions and Gifts,free e cards no subscription,0.0
Occasions and Gifts,free passover haggadah,0.0
Occasions and Gifts,frohe ostern wünsche texte,0.0
Occasions and Gifts,glückwünsche zur geburt junge,0.0
Occasions and Gifts,grüße zu ostern kostenlos,0.0
Occasions and Gifts,happy marriage day wishes,0.0
Occasions and Gifts,happy passover greetings,0.0
Occasions and Gifts,jackie lawson easter cards,0.0
Occasions and Gifts,jacquie larson ecards,0.0
Occasions and Gifts,jacquie lawson gift cards,0.0
Occasions and Gifts,jewish greetings for passover,0.0
Occasions and Gifts,jewish holiday calander,0.0
Occasions and Gifts,kid friendly haggadah,0.0
Occasions and Gifts,kommunion sprüche kindgerecht,0.0
Occasions and Gifts,kommunion sprüche kurz,0.0
Occasions and Gifts,kommunion sprüche texte,0.0
Occasions and Gifts,kostenlose ostergrüsse,0.0
Occasions and Gifts,kurze sprüche zum 70 geburtstag,0.0
Occasions and Gifts,lucas funeral home obituaries,0.0
Occasions and Gifts,lustige ostergrüße kostenlos,0.0
Occasions and Gifts,lustiger geburtstagstext,0.0
Occasions and Gifts,make own logo free,0.0
Occasions and Gifts,memorial memorials & funerals,0.0
Occasions and Gifts,message for sympathy,0.0
Occasions and Gifts,mustertext für trauerkarte,0.0
Occasions and Gifts,my wish mother son dance,0.0
Occasions and Gifts,nette sprüche zum einzug,0.0
Occasions and Gifts,notes for sympathy card,0.0
Occasions and Gifts,originelle verse zum 80,0.0
Occasions and Gifts,poems of grief and loss,0.0
Occasions and Gifts,printable rainbow bridge for cats,0.0
Occasions and Gifts,resurrection poems for church,0.0
Occasions and Gifts,sample condolences message,0.0
Occasions and Gifts,schöne osterkarten,0.0
Occasions and Gifts,schöne sprüche zum geburtstag,0.0
Occasions and Gifts,schöne sprüche zur kommunion,0.0
Occasions and Gifts,schöne taufsprüche,0.0
Occasions and Gifts,schöne zitate zur geburt,0.0
Occasions and Gifts,schöner spruch für hochzeit,0.0
Occasions and Gifts,seder plate for passover,0.0
Occasions and Gifts,send e cards free,0.0
Occasions and Gifts,short and sweet wedding wishes,0.0
Occasions and Gifts,short passover haggadah,0.0
Occasions and Gifts,sprüche für neugeborene jungen,0.0
Occasions and Gifts,star wars free printable,0.0
Occasions and Gifts,sympathy note loss of mother,0.0
Occasions and Gifts,text zur geburt baby,0.0
Occasions and Gifts,texte beileidskarten,0.0
Occasions and Gifts,texte für die kommunion,0.0
Occasions and Gifts,the passover story for seder,0.0
Occasions and Gifts,the right words for a sympathy card,0.0
Occasions and Gifts,vows in wedding ceremony,0.0
Occasions and Gifts,wedding wishes sample,0.0
Occasions and Gifts,what day is passover this year,0.0
Occasions and Gifts,what exactly is passover,0.0
Occasions and Gifts,when is passover over,0.0
Occasions and Gifts,wording on memorial headstones,0.0
Occasions and Gifts,worte für trauernde,0.0
Occasions and Gifts,worte zur jugendweihe,0.0
Occasions and Gifts,wünsche für ostern,0.0
Occasions and Gifts,zum 70 geburtstag texte,0.0
Occasions and Gifts,zum 90 geburtstag spruch,0.0
Occasions and Gifts,zum ostern wünsche,0.0
RealEstate,apartments 2 bedrooms,1.0
RealEstate,bankruptcy house sale,1.0
RealEstate,create own floor plan,0.0
RealEstate,house age check,1.0
RealEstate,house history by address free,1.0
RealEstate,how much is my golf cart worth,0.0
RealEstate,mietspiegel finden,1.0
RealEstate,purplewave com auction,0.0
RealEstate,rural king supply,0.0
RealEstate,self cleaning oven instructions,0.0
RealEstate,sprüche zum umzug,0.0
Retailers and GeneralMerchandise,+menards +rebate +forms +printable,0.0
Retailers and GeneralMerchandise,amizone online shopping,0.0
Retailers and GeneralMerchandise,coopers catalogue online,0.0
Retailers and GeneralMerchandise,edeka angebote dieser woche,0.0
Retailers and GeneralMerchandise,get free robux real,0.0
Retailers and GeneralMerchandise,joann fabrics shop online,0.0
Retailers and GeneralMerchandise,kaufland diese woche im angebot,0.0
Retailers and GeneralMerchandise,kohl online,0.0
Retailers and GeneralMerchandise,lowe weekly ad sales,0.0
Retailers and GeneralMerchandise,ltd commodities clearance sale,0.0
Retailers and GeneralMerchandise,nearest open chemist,0.0
Retailers and GeneralMerchandise,rare marbles worth money,0.0
Retailers and GeneralMerchandise,safeway ad this week,0.0
Retailers and GeneralMerchandise,sonnenblumenöl günstig kaufen,0.0
Retailers and GeneralMerchandise,tchibo online bestellen,0.0
Retailers and GeneralMerchandise,thomas philipps aktueller prospekt,0.0
Retailers and GeneralMerchandise,weekly ad for hy vee,0.0
Retailers and GeneralMerchandise,weekly specials at harris teeter,0.0
Sports and Fitness,+friendly's +ice +cream +sundaes,0.0
Sports and Fitness,bass pro official site,0.0
Sports and Fitness,bayern 3fernsehen,0.0
Sports and Fitness,bocce ball rules simple,0.0
Sports and Fitness,canli tv atv canli yayin,0.0
Sports and Fitness,classic golf clubs value,0.0
Sports and Fitness,complete 7 round mock draft,0.0
Sports and Fitness,corn hole game rules,0.0
Sports and Fitness,cotton traders on line,0.0
Sports and Fitness,elektro dreirad gebraucht kaufen,0.0
Sports and Fitness,ezgo golf cart identification,0.0
Sports and Fitness,fahrrad rahmengröße tabelle,0.0
Sports and Fitness,fiberglass golf cart,0.0
Sports and Fitness,force outboard engine parts,0.0
Sports and Fitness,füßball bundesliga,0.0
Sports and Fitness,gabi fastner gymnastik,0.0
Sports and Fitness,gabi fastner morgengymnastik,0.0
Sports and Fitness,gas golf cart sale,0.0
Sports and Fitness,ghin post scores online,0.0
Sports and Fitness,golf cart for sale for sale,0.0
Sports and Fitness,how do you establish a golf handicap,0.0
Sports and Fitness,komoot tourenplanung,0.0
Sports and Fitness,live cricket match tv channel,0.0
Sports and Fitness,montecarlo tennis live,0.0
Sports and Fitness,nba playoffs schedule bracket,0.0
Sports and Fitness,otaola en vivo hoy,0.0
Sports and Fitness,pontoon marine,0.0
Sports and Fitness,pontoon mini boat,0.0
Sports and Fitness,rays printable schedule,0.0
Sports and Fitness,second hand bicycles,0.0
Sports and Fitness,used bowls bowls,0.0
Sports and Fitness,used golf cart near me,0.0
Sports and Fitness,watch nba game live now,0.0
Sports and Fitness,what should my oxygen level be,0.0
Sports and Fitness,wheelheels,0.0
Sports and Fitness,zweite liga tabelle,0.0
Travel and Tourism,+mein +schiff +deckplan,0.0
Travel and Tourism,+route +map +aa +route +planner,0.0
Travel and Tourism,aberdeen bus routes,0.0
Travel and Tourism,air ticket check online,0.0
Travel and Tourism,airline book flights,0.0
Travel and Tourism,airport parking dublin,0.0
Travel and Tourism,alaska flight status,0.0
Travel and Tourism,ankunftszeiten berlin schönefeld,0.0
Travel and Tourism,apply for a lost title online,0.0
Travel and Tourism,bahntickets sparpreise,0.0
Travel and Tourism,booking ticket flight,0.0
Travel and Tourism,canada visa application,0.0
Travel and Tourism,cheap car park dublin airport,0.0
Travel and Tourism,cheap flight booking,0.0
Travel and Tourism,cheap flight ticket,0.0
Travel and Tourism,cruises from rosyth scotland,0.0
Travel and Tourism,db bahn fahrplanauskunft,0.0
Travel and Tourism,die schönsten ostergrüße,0.0
Travel and Tourism,distance between to locations,0.0
Travel and Tourism,eintrittspreise zoo leipzig,0.0
Travel and Tourism,ethiopian airlines booking,0.0
Travel and Tourism,fahrplanauskunft dt bahn,0.0
Travel and Tourism,fahrtauskunft bahn,0.0
Travel and Tourism,finlake lodges for sale,0.0
Travel and Tourism,flight cancellations ba,0.0
Travel and Tourism,foid card renewal form,0.0
Travel and Tourism,fähre nach insel föhr,0.0
Travel and Tourism,jason deli menu with prices,0.0
Travel and Tourism,jetblue book flight,0.0
Travel and Tourism,mackinac island ferry rates,0.0
Travel and Tourism,meine bahn fahrplan,0.0
Travel and Tourism,münchen hbf gleisplan,0.0
Travel and Tourism,publisher clear house,0.0
Travel and Tourism,spain passenger locater form,0.0
Travel and Tourism,taxi berlin berechnen,0.0
Travel and Tourism,travel requirements for spain,0.0
Travel and Tourism,tsa precheck renewal form,0.0
Travel and Tourism,turkish airlines ticket,0.0
Travel and Tourism,zeppelinflüge preise,0.0
Travel and Tourism,zug verbindungen,0.0
Travel and Tourism,zugverbindungen db,0.0
Vehicles,+motability +car +scheme +price +list,1.0
Vehicles,5 love languages what are they,0.0
Vehicles,boat for sale for sale,1.0
Vehicles,bride bucket seats,1.0
Vehicles,cars on motability scheme,1.0
Vehicles,champion cross reference chart,1.0
Vehicles,check vehicle vin,1.0
Vehicles,ford tire rebate online,1.0
Vehicles,fram oil filter lookup chart,1.0
Vehicles,hess trucks by year value,0.0
Vehicles,honda radio code website,1.0
Vehicles,honda trikes for sale near me,1.0
Vehicles,jon boats for,0.0
Vehicles,ju 52 rundflug,0.0
Vehicles,passenger locator form spain,0.0
Vehicles,rundflug mit zeppelin,0.0
Vehicles,used caravans near me,1.0
Vehicles,used trolling motors sale,0.0
Vehicles,vehicle history report,1.0
Vehicles,vin number vehicle check,1.0
Vehicles,windshield cowl panel,1.0
Vehicles,zeppelin rundflug,0.0
